record_id,area_id,area_name,zone,latitude,longitude,observation_date,time_period,peak_period,vehicle_count,motorcycle_count,helmet_use_count,helmet_nonuse_count,helmet_use_rate_pct,traffic_volume_index,weather_risk_index,avg_speed_kmph,speed_risk_index,road_condition_score,road_lighting_score,road_width_m,rainfall_mm,visibility_km,intersection_density,weather_condition,road_condition,lighting_condition,camera_consent_status,observation_confidence
PUNE-HLM-0001,A004,Deccan,Central,18.51774,73.839637,2026-08-31,Morning Peak,Morning Peak,578,578,393,185,67.99,49.06,5.46,52.89,59.8,43.16,86.22,11.05,8.47,9.31,0.62,Clear,Poor,Good,Approved Anonymized,0.908
PUNE-HLM-0002,A002,Swargate,Central,18.501471,73.864293,2026-04-19,Midday,Midday,604,604,481,123,79.64,49.74,78.55,42.44,40.8,63.92,89.7,10.47,14.44,5.35,0.23,Fog,Fair,Good,Consented Aggregate,0.885
PUNE-HLM-0003,A013,Viman Nagar,East,18.568679,73.910912,2026-04-25,Midday,Midday,1055,1055,931,124,88.25,45.62,72.24,32.28,22.32,88.95,48.51,12.72,16.77,4.27,0.73,Fog,Good,Poor,Approved Anonymized,0.833
PUNE-HLM-0004,A029,Nigdi,Outer,18.651094,73.780747,2026-03-22,Early Morning,Early Morning,528,528,280,248,53.03,88.47,25.53,40.63,37.51,81.98,84.72,9.22,9.5,8.04,0.31,Cloudy,Good,Good,Approved Anonymized,0.844
PUNE-HLM-0005,A010,Pashan,West,18.543767,73.794484,2026-08-18,Morning Peak,Morning Peak,1477,1477,1193,284,80.77,84.11,6.86,43.39,42.52,75.22,63.51,5.46,10.88,9.2,0.38,Clear,Fair,Moderate,Consented Aggregate,0.89
PUNE-HLM-0006,A021,Pimpri Road,Outer,18.60862,73.803624,2026-04-28,Morning Peak,Morning Peak,665,665,541,124,81.35,63.24,16.63,37.74,32.25,69.91,50.73,9.69,24.38,8.59,0.64,Clear,Fair,Poor,Approved Anonymized,0.87
PUNE-HLM-0007,A009,Baner,West,18.561754,73.786205,2026-02-16,Early Morning,Early Morning,1525,1525,862,663,56.52,82.08,55.24,33.37,24.31,90.76,72.01,7.27,5.71,6.01,0.95,Light Rain,Good,Moderate,Consented Aggregate,0.943
PUNE-HLM-0008,A003,Camp,Central,18.512027,73.877926,2026-03-30,Midday,Midday,1477,1477,1261,216,85.38,70.92,6.77,38.59,33.8,71.03,40.96,4.0,6.95,9.0,0.54,Clear,Fair,Poor,Approved Anonymized,0.983
PUNE-HLM-0009,A027,Lohegaon,Outer,18.600123,73.916288,2026-04-05,Evening Peak,Evening Peak,847,847,720,127,85.01,80.97,43.12,45.57,46.5,72.63,83.53,8.53,29.48,6.72,0.36,Light Rain,Fair,Good,Consented Aggregate,0.85
PUNE-HLM-0010,A008,Aundh,West,18.561429,73.808584,2026-02-20,Morning Peak,Morning Peak,1544,1544,1259,285,81.54,68.29,11.18,41.04,38.25,77.19,93.03,8.29,6.65,9.23,0.17,Clear,Good,Good,Approved Anonymized,0.929
PUNE-HLM-0011,A003,Camp,Central,18.512247,73.882346,2026-08-23,Evening Peak,Evening Peak,1141,1141,806,335,70.64,67.48,79.42,35.73,28.59,87.64,91.38,14.15,3.64,4.79,0.45,Fog,Good,Good,Approved Anonymized,0.965
PUNE-HLM-0012,A008,Aundh,West,18.5592,73.806252,2026-08-17,Evening Peak,Evening Peak,462,462,441,21,95.45,51.1,6.32,51.77,57.76,94.88,48.27,12.62,2.94,9.51,0.36,Clear,Good,Poor,Approved Anonymized,0.87
PUNE-HLM-0013,A023,Dapodi,North,18.575413,73.830379,2026-03-06,Evening Peak,Evening Peak,1417,1417,948,469,66.9,63.23,54.33,34.12,25.67,84.97,89.65,10.26,8.0,6.24,0.82,Light Rain,Good,Good,Approved Anonymized,0.815
PUNE-HLM-0014,A001,Shivajinagar,Central,18.530798,73.846753,2026-01-24,Midday,Midday,620,620,587,33,94.68,43.18,42.66,31.14,20.25,100.0,50.19,7.99,11.08,7.94,0.39,Light Rain,Good,Poor,Approved Anonymized,0.953
PUNE-HLM-0015,A018,Bibwewadi,South,18.477556,73.863136,2026-07-14,Morning Peak,Morning Peak,1347,1347,1187,160,88.12,34.9,23.18,32.22,22.21,88.45,61.65,8.39,26.76,9.13,0.73,Cloudy,Good,Moderate,Approved Anonymized,0.89
PUNE-HLM-0016,A029,Nigdi,Outer,18.651577,73.780149,2026-01-09,Early Morning,Early Morning,781,781,705,76,90.27,93.82,23.54,37.42,31.68,63.96,44.63,9.56,16.38,8.68,0.3,Cloudy,Fair,Poor,Approved Anonymized,0.85
PUNE-HLM-0017,A014,Kalyani Nagar,East,18.549632,73.905448,2026-04-23,Evening Peak,Evening Peak,1297,1297,1140,157,87.9,38.02,16.1,55.89,65.25,92.57,58.1,9.91,9.54,8.72,0.71,Clear,Good,Moderate,Approved Anonymized,0.861
PUNE-HLM-0018,A014,Kalyani Nagar,East,18.550141,73.908401,2026-07-06,Evening Peak,Evening Peak,952,952,707,245,74.26,44.36,1.12,38.49,33.63,37.28,78.0,13.34,9.08,9.73,0.58,Clear,Poor,Good,Approved Anonymized,0.794
PUNE-HLM-0019,A002,Swargate,Central,18.502487,73.862947,2026-03-19,Evening Peak,Evening Peak,1477,1477,1196,281,80.97,59.51,17.7,33.22,24.03,75.37,78.07,13.75,2.85,9.29,0.41,Clear,Fair,Moderate,Approved Anonymized,0.857
PUNE-HLM-0020,A008,Aundh,West,18.558306,73.805552,2026-04-15,Morning Peak,Morning Peak,639,639,526,113,82.32,87.72,29.41,41.34,38.79,73.8,79.6,11.47,20.59,7.4,0.51,Cloudy,Fair,Good,Approved Anonymized,0.99
PUNE-HLM-0021,A014,Kalyani Nagar,East,18.545355,73.906373,2026-05-05,Midday,Midday,684,684,359,325,52.49,43.42,51.85,53.87,61.58,38.98,45.22,10.08,17.59,5.33,0.14,Light Rain,Poor,Poor,Approved Anonymized,0.918
PUNE-HLM-0022,A027,Lohegaon,Outer,18.599107,73.916318,2026-07-30,Morning Peak,Morning Peak,1290,1290,969,321,75.12,95.29,6.89,57.2,67.64,96.45,88.37,10.46,8.69,8.91,0.05,Clear,Good,Good,Consented Aggregate,0.801
PUNE-HLM-0023,A022,Bopodi,North,18.571637,73.83076,2026-05-09,Night,Night,1265,1265,1240,25,98.02,45.72,25.18,43.7,43.09,66.18,87.68,13.13,5.36,8.03,0.54,Cloudy,Fair,Good,Approved Anonymized,0.908
PUNE-HLM-0024,A022,Bopodi,North,18.570842,73.831094,2026-05-01,Morning Peak,Morning Peak,1271,1271,872,399,68.61,64.52,54.97,30.0,18.18,84.79,83.19,9.34,12.21,5.6,0.43,Light Rain,Good,Good,Consented Aggregate,0.876
PUNE-HLM-0025,A015,Yerawada,North,18.550356,73.878688,2026-08-17,Morning Peak,Morning Peak,690,690,476,214,68.99,67.81,76.49,48.86,52.48,80.5,81.3,11.87,16.74,4.75,0.65,Heavy Rain,Fair,Moderate,Consented Aggregate,0.946
PUNE-HLM-0026,A023,Dapodi,North,18.580347,73.834349,2026-01-13,Midday,Midday,1213,1213,1016,197,83.76,62.58,11.82,35.94,28.98,90.6,49.53,9.93,6.66,9.9,0.69,Clear,Good,Poor,Consented Aggregate,0.969
PUNE-HLM-0027,A007,Warje,West,18.478863,73.788486,2026-08-07,Morning Peak,Morning Peak,1581,1581,1539,42,97.34,92.54,30.51,36.74,30.43,97.99,90.44,11.21,27.98,7.25,0.46,Cloudy,Good,Good,Approved Anonymized,0.958
PUNE-HLM-0028,A029,Nigdi,Outer,18.6515,73.779674,2026-07-20,Morning Peak,Morning Peak,1144,1144,943,201,82.43,41.98,11.17,58.61,70.2,45.12,85.96,9.66,4.32,8.37,0.13,Clear,Poor,Good,Consented Aggregate,0.832
PUNE-HLM-0029,A015,Yerawada,North,18.552388,73.876434,2026-02-14,Morning Peak,Morning Peak,1042,1042,1004,38,96.35,86.32,11.11,23.64,6.61,83.1,91.98,11.09,26.37,9.14,0.6,Clear,Good,Good,Consented Aggregate,0.924
PUNE-HLM-0030,A023,Dapodi,North,18.578875,73.831265,2026-08-07,Night,Night,1253,1253,1196,57,95.45,32.43,22.58,31.39,20.71,88.81,35.94,9.94,8.14,8.09,0.28,Cloudy,Good,Poor,Consented Aggregate,0.969
PUNE-HLM-0031,A023,Dapodi,North,18.580103,73.832425,2026-02-25,Night,Night,1201,1201,991,210,82.51,68.55,11.19,36.13,29.33,85.93,82.25,13.41,13.94,10.0,0.6,Clear,Good,Moderate,Consented Aggregate,0.92
PUNE-HLM-0032,A011,Hadapsar,East,18.508943,73.926715,2026-04-16,Evening Peak,Evening Peak,1155,1155,812,343,70.3,45.94,18.59,35.3,27.83,91.19,74.87,11.52,11.86,8.48,0.54,Cloudy,Good,Moderate,Approved Anonymized,0.9
PUNE-HLM-0033,A010,Pashan,West,18.54057,73.793705,2026-01-31,Night,Night,1217,1217,960,257,78.88,39.89,0.0,32.52,22.76,43.79,89.06,10.46,4.27,9.99,0.31,Clear,Poor,Good,Consented Aggregate,0.822
PUNE-HLM-0034,A010,Pashan,West,18.543127,73.794497,2026-04-09,Morning Peak,Morning Peak,462,462,387,75,83.77,100.0,82.65,56.2,65.82,85.53,43.17,8.74,6.59,4.74,0.61,Heavy Rain,Good,Poor,Approved Anonymized,0.952
PUNE-HLM-0035,A004,Deccan,Central,18.518774,73.839999,2026-05-02,Early Morning,Early Morning,519,519,433,86,83.43,100.0,4.69,30.7,19.46,98.83,41.87,9.71,1.36,9.03,0.35,Clear,Good,Poor,Consented Aggregate,0.99
PUNE-HLM-0036,A009,Baner,West,18.559558,73.787355,2026-06-26,Midday,Midday,997,997,828,169,83.05,72.71,26.12,43.65,42.99,78.06,60.96,10.94,30.31,8.46,0.5,Cloudy,Fair,Moderate,Consented Aggregate,0.943
PUNE-HLM-0037,A005,Kothrud,West,18.508299,73.806719,2026-05-27,Evening Peak,Evening Peak,1161,1161,731,430,62.96,59.4,23.35,48.01,50.92,84.53,52.0,7.04,16.67,8.81,0.72,Clear,Good,Poor,Approved Anonymized,0.845
PUNE-HLM-0038,A029,Nigdi,Outer,18.652422,73.780764,2026-06-28,Early Morning,Early Morning,1464,1464,586,878,40.03,94.7,27.8,52.36,58.83,47.47,81.31,10.31,23.21,7.61,0.63,Cloudy,Poor,Good,Consented Aggregate,0.903
PUNE-HLM-0039,A020,Balewadi,West,18.576819,73.771424,2026-04-20,Night,Night,1219,1219,853,366,69.98,84.36,27.35,47.4,49.81,48.99,80.62,10.1,3.67,6.88,0.38,Cloudy,Poor,Good,Consented Aggregate,0.864
PUNE-HLM-0040,A019,Dhankawadi,South,18.462871,73.855038,2026-03-28,Midday,Midday,1470,1470,1037,433,70.54,90.24,39.97,18.24,0.0,92.53,84.68,8.33,12.93,5.84,0.6,Light Rain,Good,Good,Approved Anonymized,0.913
PUNE-HLM-0041,A008,Aundh,West,18.55885,73.807709,2026-07-13,Morning Peak,Morning Peak,970,970,928,42,95.67,50.16,32.13,52.34,58.79,66.52,84.03,10.79,29.41,7.86,0.95,Cloudy,Fair,Good,Approved Anonymized,0.905
PUNE-HLM-0042,A030,Pimpri,Outer,18.627141,73.799823,2026-05-12,Morning Peak,Morning Peak,858,858,665,193,77.51,74.52,27.72,44.24,44.08,94.87,81.53,14.75,0.75,8.07,0.7,Cloudy,Good,Good,Consented Aggregate,0.857
PUNE-HLM-0043,A002,Swargate,Central,18.503585,73.86604,2026-08-03,Evening Peak,Evening Peak,831,831,540,291,64.98,86.08,15.65,75.0,100.0,86.52,90.43,8.42,6.84,8.41,0.4,Clear,Good,Good,Consented Aggregate,0.903
PUNE-HLM-0044,A002,Swargate,Central,18.500814,73.861758,2026-07-16,Evening Peak,Evening Peak,918,918,719,199,78.32,13.09,30.84,45.34,46.08,85.91,100.0,11.84,8.17,7.81,0.43,Cloudy,Good,Good,Approved Anonymized,0.801
PUNE-HLM-0045,A018,Bibwewadi,South,18.476535,73.862134,2026-02-26,Evening Peak,Evening Peak,1017,1017,774,243,76.11,87.15,29.24,19.23,0.0,64.08,64.68,11.32,3.27,7.87,0.89,Cloudy,Fair,Moderate,Consented Aggregate,0.99
PUNE-HLM-0046,A009,Baner,West,18.556019,73.787236,2026-03-18,Evening Peak,Evening Peak,1081,1081,890,191,82.33,43.63,0.0,29.12,16.57,84.0,52.44,10.62,5.62,9.68,0.64,Clear,Good,Poor,Approved Anonymized,0.9
PUNE-HLM-0047,A022,Bopodi,North,18.571727,73.831632,2026-05-09,Evening Peak,Evening Peak,713,713,636,77,89.2,85.22,0.0,47.22,49.49,94.77,64.14,12.25,5.28,8.94,0.65,Clear,Good,Moderate,Approved Anonymized,0.787
PUNE-HLM-0048,A023,Dapodi,North,18.578643,73.83383,2026-04-24,Night,Night,679,679,555,124,81.74,65.53,28.21,47.74,50.43,91.91,77.82,9.62,12.74,7.96,0.74,Cloudy,Good,Moderate,Consented Aggregate,0.874
PUNE-HLM-0049,A023,Dapodi,North,18.579926,73.83094,2026-08-28,Midday,Midday,683,683,398,285,58.27,93.26,0.89,40.57,37.39,84.86,85.53,9.11,2.2,9.95,0.46,Clear,Good,Good,Approved Anonymized,0.914
PUNE-HLM-0050,A021,Pimpri Road,Outer,18.612566,73.803341,2026-04-06,Morning Peak,Morning Peak,807,807,454,353,56.26,77.22,12.97,43.3,42.36,77.09,91.25,4.39,8.74,9.88,0.46,Clear,Good,Good,Consented Aggregate,0.871
PUNE-HLM-0051,A017,Wanowrie,South,18.495988,73.90075,2026-07-09,Morning Peak,Morning Peak,1096,1096,1008,88,91.97,77.94,5.73,46.0,47.27,100.0,51.93,7.55,2.11,10.0,0.45,Clear,Good,Poor,Consented Aggregate,0.864
PUNE-HLM-0052,A030,Pimpri,Outer,18.631802,73.797003,2026-01-05,Morning Peak,Morning Peak,1368,1368,1266,102,92.54,93.46,7.06,38.21,33.11,70.05,63.32,10.14,23.19,9.2,0.17,Clear,Fair,Moderate,Approved Anonymized,0.741
PUNE-HLM-0053,A010,Pashan,West,18.542271,73.796606,2026-04-22,Early Morning,Early Morning,780,780,615,165,78.85,47.8,53.49,34.63,26.61,57.56,95.38,4.42,26.25,7.42,0.24,Light Rain,Poor,Good,Consented Aggregate,0.829
PUNE-HLM-0054,A029,Nigdi,Outer,18.650037,73.780602,2026-02-03,Night,Night,560,560,369,191,65.89,77.5,51.91,40.48,37.24,92.95,87.68,8.36,3.39,7.09,0.56,Light Rain,Good,Good,Consented Aggregate,0.953
PUNE-HLM-0055,A018,Bibwewadi,South,18.477197,73.862412,2026-09-12,Morning Peak,Morning Peak,939,939,599,340,63.79,65.98,31.12,42.02,40.04,64.44,70.15,6.97,6.77,7.44,0.77,Cloudy,Fair,Moderate,Approved Anonymized,0.99
PUNE-HLM-0056,A009,Baner,West,18.558422,73.785257,2026-06-15,Evening Peak,Evening Peak,444,444,207,237,46.62,91.85,77.53,36.13,29.32,73.01,83.76,13.56,33.86,5.35,0.69,Fog,Fair,Good,Approved Anonymized,0.869
PUNE-HLM-0057,A028,Wakad,Outer,18.598829,73.764417,2026-07-01,Morning Peak,Morning Peak,653,653,640,13,98.01,70.04,63.77,46.54,48.26,54.82,88.53,15.61,8.51,6.25,0.44,Light Rain,Poor,Good,Approved Anonymized,0.962
PUNE-HLM-0058,A006,Karve Nagar,West,18.491146,73.821225,2026-03-08,Midday,Midday,602,602,438,164,72.76,69.96,6.36,38.31,33.29,77.84,35.89,9.96,20.51,7.85,0.53,Clear,Fair,Poor,Approved Anonymized,0.805
PUNE-HLM-0059,A005,Kothrud,West,18.508045,73.806262,2026-08-03,Morning Peak,Morning Peak,561,561,412,149,73.44,62.95,20.33,50.62,55.68,96.2,83.35,10.36,13.61,7.58,0.47,Cloudy,Good,Good,Approved Anonymized,0.86
PUNE-HLM-0060,A011,Hadapsar,East,18.511819,73.927643,2026-03-01,Morning Peak,Morning Peak,1265,1265,1112,153,87.91,56.81,68.75,58.52,70.04,86.29,80.9,12.62,35.23,4.86,0.2,Fog,Good,Good,Consented Aggregate,0.758
PUNE-HLM-0061,A021,Pimpri Road,Outer,18.608089,73.804976,2026-03-06,Midday,Midday,922,922,785,137,85.14,38.6,9.42,34.83,26.96,98.08,51.91,10.38,7.33,9.32,0.42,Clear,Good,Poor,Approved Anonymized,0.893
PUNE-HLM-0062,A010,Pashan,West,18.543774,73.794715,2026-08-26,Early Morning,Early Morning,1257,1257,933,324,74.22,49.04,8.93,49.5,53.64,52.94,99.48,7.26,15.98,9.4,0.94,Clear,Poor,Good,Consented Aggregate,0.928
PUNE-HLM-0063,A008,Aundh,West,18.558154,73.808933,2026-01-09,Midday,Midday,1325,1325,717,608,54.11,82.15,74.26,41.94,39.88,46.22,67.24,14.34,15.27,4.65,0.07,Heavy Rain,Poor,Moderate,Approved Anonymized,0.935
PUNE-HLM-0064,A023,Dapodi,North,18.580961,73.831059,2026-07-28,Morning Peak,Morning Peak,671,671,377,294,56.18,57.53,74.09,40.88,37.97,92.03,66.18,8.62,37.53,5.72,0.56,Fog,Good,Poor,Consented Aggregate,0.961
PUNE-HLM-0065,A025,Vishrantwadi,North,18.569908,73.880391,2026-05-07,Morning Peak,Morning Peak,1312,1312,1071,241,81.63,53.44,18.54,36.47,29.94,65.13,93.5,9.23,1.42,8.29,0.5,Cloudy,Fair,Good,Approved Anonymized,0.866
PUNE-HLM-0066,A030,Pimpri,Outer,18.626347,73.798591,2026-08-27,Morning Peak,Morning Peak,1170,1170,578,592,49.4,42.97,43.22,42.49,40.9,46.22,85.04,4.0,7.68,7.05,0.45,Light Rain,Poor,Good,Consented Aggregate,0.82
PUNE-HLM-0067,A019,Dhankawadi,South,18.461462,73.855175,2026-04-16,Evening Peak,Evening Peak,910,910,792,118,87.03,63.18,22.86,47.21,49.47,86.31,90.84,9.23,23.33,8.63,0.45,Cloudy,Good,Good,Consented Aggregate,0.894
PUNE-HLM-0068,A005,Kothrud,West,18.508397,73.806705,2026-02-17,Midday,Midday,647,647,514,133,79.44,72.35,31.33,33.15,23.91,89.77,38.94,11.0,3.93,8.25,0.36,Cloudy,Good,Poor,Consented Aggregate,0.903
PUNE-HLM-0069,A021,Pimpri Road,Outer,18.608268,73.804903,2026-04-05,Morning Peak,Morning Peak,1286,1286,1235,51,96.03,40.0,14.4,56.82,66.95,67.55,90.76,11.33,15.19,9.44,0.4,Clear,Fair,Good,Consented Aggregate,0.891
PUNE-HLM-0070,A004,Deccan,Central,18.518836,73.839881,2026-08-08,Evening Peak,Evening Peak,467,467,359,108,76.87,52.71,15.35,41.41,38.92,45.0,57.89,5.11,21.04,9.0,0.1,Clear,Poor,Moderate,Approved Anonymized,0.903
PUNE-HLM-0071,A026,Dhanori,North,18.582925,73.892976,2026-05-24,Evening Peak,Evening Peak,1290,1290,932,358,72.25,50.47,7.48,52.42,58.95,74.96,92.29,12.79,12.4,8.88,0.76,Clear,Fair,Good,Approved Anonymized,0.879
PUNE-HLM-0072,A003,Camp,Central,18.513585,73.877839,2026-01-15,Evening Peak,Evening Peak,1372,1372,1122,250,81.78,77.86,79.56,56.08,65.6,85.1,93.76,16.98,26.76,3.99,0.61,Heavy Rain,Good,Good,Consented Aggregate,0.845
PUNE-HLM-0073,A018,Bibwewadi,South,18.47744,73.861268,2026-02-07,Morning Peak,Morning Peak,854,854,618,236,72.37,55.94,12.26,50.88,56.15,67.65,94.71,8.67,40.5,9.14,0.64,Clear,Fair,Good,Consented Aggregate,0.93
PUNE-HLM-0074,A007,Warje,West,18.480626,73.786523,2026-02-20,Evening Peak,Evening Peak,1541,1541,1176,365,76.31,77.66,84.02,37.45,31.73,50.71,91.41,9.0,3.18,5.23,0.73,Heavy Rain,Poor,Good,Consented Aggregate,0.99
PUNE-HLM-0075,A011,Hadapsar,East,18.509275,73.924836,2026-05-08,Morning Peak,Morning Peak,905,905,586,319,64.75,50.19,0.51,32.9,23.46,75.29,85.35,8.07,17.55,9.61,0.86,Clear,Fair,Good,Approved Anonymized,0.9
PUNE-HLM-0076,A014,Kalyani Nagar,East,18.549003,73.905211,2026-03-02,Evening Peak,Evening Peak,1445,1445,1318,127,91.21,50.06,83.53,67.28,85.96,50.4,53.49,9.1,6.01,5.05,0.39,Heavy Rain,Poor,Moderate,Approved Anonymized,0.817
PUNE-HLM-0077,A017,Wanowrie,South,18.496604,73.902758,2026-01-13,Evening Peak,Evening Peak,593,593,519,74,87.52,81.17,26.47,41.21,38.56,38.68,51.9,8.77,4.74,8.78,0.68,Cloudy,Poor,Poor,Approved Anonymized,0.875
PUNE-HLM-0078,A009,Baner,West,18.558586,73.786097,2026-01-02,Evening Peak,Evening Peak,1502,1502,935,567,62.25,68.51,28.81,51.97,58.12,80.02,91.92,4.0,4.66,8.25,0.44,Cloudy,Fair,Good,Approved Anonymized,0.874
PUNE-HLM-0079,A016,Kondhwa,South,18.46779,73.888825,2026-03-24,Midday,Midday,476,476,451,25,94.75,48.66,8.13,24.22,7.67,46.73,89.6,10.42,26.84,8.51,0.32,Clear,Poor,Good,Consented Aggregate,0.85
PUNE-HLM-0080,A028,Wakad,Outer,18.600725,73.765207,2026-04-09,Morning Peak,Morning Peak,868,868,641,227,73.85,82.16,4.66,35.55,28.28,48.73,87.74,4.52,9.23,9.12,0.49,Clear,Poor,Good,Consented Aggregate,0.956
PUNE-HLM-0081,A017,Wanowrie,South,18.497709,73.902094,2026-02-23,Evening Peak,Evening Peak,570,570,524,46,91.93,73.28,95.45,37.81,32.38,92.35,89.02,6.8,13.54,2.88,0.45,Heavy Rain,Good,Good,Consented Aggregate,0.902
PUNE-HLM-0082,A017,Wanowrie,South,18.496126,73.900436,2026-04-07,Morning Peak,Morning Peak,1530,1530,856,674,55.95,78.5,6.36,47.32,49.66,76.83,85.0,8.17,8.63,9.46,0.32,Clear,Fair,Good,Approved Anonymized,0.907
PUNE-HLM-0083,A008,Aundh,West,18.559861,73.805475,2026-09-02,Evening Peak,Evening Peak,605,605,515,90,85.12,76.43,25.07,31.12,20.22,51.03,82.09,7.12,5.99,8.69,0.82,Cloudy,Poor,Good,Approved Anonymized,0.99
PUNE-HLM-0084,A023,Dapodi,North,18.577703,73.830277,2026-01-14,Evening Peak,Evening Peak,1097,1097,738,359,67.27,66.06,79.9,44.68,44.88,73.83,81.47,10.41,3.01,4.19,0.14,Heavy Rain,Fair,Good,Consented Aggregate,0.931
PUNE-HLM-0085,A010,Pashan,West,18.539823,73.794846,2026-05-22,Evening Peak,Evening Peak,434,434,380,54,87.56,37.85,77.23,39.69,35.8,94.63,91.88,12.95,12.31,4.67,0.36,Heavy Rain,Good,Good,Consented Aggregate,0.918
PUNE-HLM-0086,A008,Aundh,West,18.560649,73.804914,2026-05-07,Early Morning,Early Morning,1263,1263,740,523,58.59,48.52,28.88,36.99,30.89,71.07,83.41,10.56,24.02,9.21,0.33,Cloudy,Fair,Good,Consented Aggregate,0.99
PUNE-HLM-0087,A029,Nigdi,Outer,18.649681,73.781669,2026-04-21,Evening Peak,Evening Peak,1495,1495,899,596,60.13,48.92,22.19,36.82,30.57,76.31,42.03,4.0,2.78,9.14,0.83,Cloudy,Fair,Poor,Consented Aggregate,0.84
PUNE-HLM-0088,A028,Wakad,Outer,18.598016,73.763821,2026-01-02,Morning Peak,Morning Peak,1004,1004,851,153,84.76,63.21,3.63,47.77,50.48,49.07,78.58,9.12,0.8,9.73,0.19,Clear,Poor,Good,Consented Aggregate,0.921
PUNE-HLM-0089,A028,Wakad,Outer,18.598517,73.765052,2026-05-06,Evening Peak,Evening Peak,1129,1129,591,538,52.35,56.46,47.06,44.06,43.75,81.39,88.05,6.5,34.0,6.99,0.33,Light Rain,Good,Good,Approved Anonymized,0.954
PUNE-HLM-0090,A024,Kasarwadi,North,18.614941,73.820917,2026-04-11,Evening Peak,Evening Peak,1561,1561,1364,197,87.38,72.9,7.54,54.91,63.48,37.14,83.13,6.69,6.48,7.58,0.42,Clear,Poor,Good,Approved Anonymized,0.891
PUNE-HLM-0091,A025,Vishrantwadi,North,18.568319,73.879277,2026-05-18,Midday,Midday,542,542,393,149,72.51,70.42,43.93,51.53,57.32,95.76,42.78,7.28,4.59,6.65,0.65,Light Rain,Good,Poor,Approved Anonymized,0.966
PUNE-HLM-0092,A017,Wanowrie,South,18.495816,73.902279,2026-07-03,Evening Peak,Evening Peak,1409,1409,1048,361,74.38,86.96,7.44,32.64,22.98,60.0,72.72,8.32,5.81,8.54,0.28,Clear,Poor,Moderate,Consented Aggregate,0.954
PUNE-HLM-0093,A002,Swargate,Central,18.503904,73.863851,2026-06-22,Morning Peak,Morning Peak,544,544,386,158,70.96,69.99,54.26,43.35,42.46,71.53,84.38,5.21,12.32,5.27,0.45,Light Rain,Fair,Good,Consented Aggregate,0.876
PUNE-HLM-0094,A020,Balewadi,West,18.575088,73.76538,2026-02-22,Morning Peak,Morning Peak,1596,1596,1193,403,74.75,74.19,22.53,40.62,37.49,45.71,88.86,9.05,1.11,8.16,0.78,Clear,Poor,Good,Consented Aggregate,0.974
PUNE-HLM-0095,A028,Wakad,Outer,18.600474,73.764694,2026-08-08,Evening Peak,Evening Peak,381,381,262,119,68.77,64.02,12.6,34.72,26.77,65.92,48.83,11.43,2.86,9.25,0.23,Clear,Fair,Poor,Approved Anonymized,0.92
PUNE-HLM-0096,A009,Baner,West,18.559021,73.787496,2026-02-13,Evening Peak,Evening Peak,1167,1167,994,173,85.18,58.34,88.37,41.75,39.55,73.76,68.2,10.34,15.25,4.34,0.22,Heavy Rain,Fair,Moderate,Consented Aggregate,0.869
PUNE-HLM-0097,A026,Dhanori,North,18.582536,73.894259,2026-08-04,Evening Peak,Evening Peak,915,915,564,351,61.64,77.52,87.1,32.6,22.92,65.51,95.21,9.74,6.13,4.36,0.52,Heavy Rain,Fair,Good,Approved Anonymized,0.99
PUNE-HLM-0098,A028,Wakad,Outer,18.599217,73.760637,2026-05-05,Evening Peak,Evening Peak,1350,1350,952,398,70.52,78.02,12.23,64.58,81.06,78.99,73.75,11.75,17.39,9.16,0.55,Clear,Good,Good,Consented Aggregate,0.933
PUNE-HLM-0099,A027,Lohegaon,Outer,18.601613,73.916382,2026-05-08,Evening Peak,Evening Peak,1416,1416,1388,28,98.02,79.27,10.77,31.91,21.65,92.06,43.18,9.38,4.6,10.0,0.62,Clear,Good,Poor,Consented Aggregate,0.927
PUNE-HLM-0100,A015,Yerawada,North,18.551373,73.875228,2026-01-03,Morning Peak,Morning Peak,770,770,629,141,81.69,46.6,10.92,18.0,0.0,77.04,66.56,6.47,26.8,8.6,0.37,Clear,Fair,Moderate,Consented Aggregate,0.95
PUNE-HLM-0101,A020,Balewadi,West,18.575768,73.76582,2026-01-16,Evening Peak,Evening Peak,1077,1077,805,272,74.74,60.38,16.39,44.45,44.45,39.89,87.7,7.86,11.16,9.59,0.59,Clear,Poor,Good,Approved Anonymized,0.879
PUNE-HLM-0102,A012,Kharadi,East,18.551257,73.934089,2026-06-16,Midday,Midday,921,921,701,220,76.11,62.34,16.83,44.09,43.8,54.32,52.79,7.5,11.21,9.43,0.67,Clear,Fair,Poor,Consented Aggregate,0.918
PUNE-HLM-0103,A029,Nigdi,Outer,18.648065,73.78048,2026-04-02,Midday,Midday,806,806,641,165,79.53,77.28,6.87,33.63,24.79,78.33,67.15,10.29,2.79,9.77,0.81,Clear,Fair,Moderate,Consented Aggregate,0.826
PUNE-HLM-0104,A013,Viman Nagar,East,18.568584,73.914593,2026-03-06,Morning Peak,Morning Peak,891,891,495,396,55.56,76.02,17.19,50.13,54.78,85.53,86.08,5.78,2.05,7.55,0.87,Clear,Good,Good,Consented Aggregate,0.822
PUNE-HLM-0105,A019,Dhankawadi,South,18.461932,73.856406,2026-03-24,Midday,Midday,736,736,606,130,82.34,100.0,10.01,44.56,44.66,71.66,62.83,6.99,12.28,8.27,0.71,Clear,Fair,Moderate,Approved Anonymized,0.921
PUNE-HLM-0106,A017,Wanowrie,South,18.497234,73.902664,2026-01-17,Midday,Midday,736,736,635,101,86.28,64.92,22.24,27.29,13.26,89.56,87.53,7.21,6.92,7.49,0.7,Cloudy,Good,Good,Approved Anonymized,0.944
PUNE-HLM-0107,A009,Baner,West,18.558249,73.786472,2026-03-04,Night,Night,1093,1093,775,318,70.91,53.02,48.22,48.53,51.87,71.5,39.94,11.59,5.4,6.99,0.43,Light Rain,Fair,Poor,Consented Aggregate,0.917
PUNE-HLM-0108,A016,Kondhwa,South,18.463947,73.890315,2026-04-06,Evening Peak,Evening Peak,1387,1387,1061,326,76.5,53.92,13.76,54.91,63.48,52.7,91.89,11.65,18.77,9.07,0.75,Clear,Poor,Good,Approved Anonymized,0.845
PUNE-HLM-0109,A024,Kasarwadi,North,18.615672,73.821123,2026-06-20,Night,Night,1370,1370,1081,289,78.91,84.42,36.4,40.82,37.86,80.07,77.29,8.98,9.5,7.55,0.83,Cloudy,Good,Moderate,Consented Aggregate,0.837
PUNE-HLM-0110,A019,Dhankawadi,South,18.462408,73.854919,2026-03-24,Midday,Midday,810,810,684,126,84.44,59.6,7.38,44.03,43.69,50.21,73.84,7.72,4.56,9.26,0.5,Clear,Poor,Moderate,Consented Aggregate,0.913
PUNE-HLM-0111,A027,Lohegaon,Outer,18.598833,73.914984,2026-04-14,Morning Peak,Morning Peak,981,981,741,240,75.54,63.17,14.41,42.55,41.01,98.58,90.12,8.61,17.72,8.76,0.34,Clear,Good,Good,Approved Anonymized,0.956
PUNE-HLM-0112,A022,Bopodi,North,18.570917,73.831148,2026-01-19,Midday,Midday,1569,1569,1048,521,66.79,82.6,7.03,41.75,39.55,76.19,63.23,13.89,15.95,8.81,0.47,Clear,Good,Moderate,Consented Aggregate,0.863
PUNE-HLM-0113,A003,Camp,Central,18.514955,73.880157,2026-07-11,Early Morning,Early Morning,1480,1480,765,715,51.69,88.07,3.3,52.95,59.91,87.88,85.76,7.35,30.91,9.72,0.41,Clear,Good,Good,Approved Anonymized,0.87
PUNE-HLM-0114,A021,Pimpri Road,Outer,18.610328,73.804886,2026-06-16,Early Morning,Early Morning,353,353,346,7,98.02,37.92,9.99,53.9,61.63,82.07,47.08,10.49,19.24,8.81,0.31,Clear,Good,Poor,Consented Aggregate,0.805
PUNE-HLM-0115,A019,Dhankawadi,South,18.46275,73.85512,2026-08-16,Midday,Midday,966,966,386,580,39.96,58.5,7.7,55.72,64.94,51.82,84.0,7.76,15.85,8.77,0.35,Clear,Poor,Good,Consented Aggregate,0.805
PUNE-HLM-0116,A024,Kasarwadi,North,18.618514,73.821581,2026-08-11,Midday,Midday,840,840,693,147,82.5,60.54,13.55,67.23,85.87,91.33,89.41,7.25,10.63,9.16,0.6,Clear,Good,Good,Approved Anonymized,0.798
PUNE-HLM-0117,A003,Camp,Central,18.513632,73.878332,2026-05-18,Midday,Midday,948,948,476,472,50.21,26.12,59.62,48.73,52.23,90.02,91.71,8.27,11.11,6.55,0.37,Light Rain,Good,Good,Consented Aggregate,0.922
PUNE-HLM-0118,A002,Swargate,Central,18.503669,73.865569,2026-05-10,Early Morning,Early Morning,1026,1026,700,326,68.23,90.98,76.16,33.49,24.54,85.85,83.76,7.92,1.36,5.22,0.75,Fog,Good,Good,Approved Anonymized,0.867
PUNE-HLM-0119,A014,Kalyani Nagar,East,18.547247,73.905774,2026-06-15,Evening Peak,Evening Peak,937,937,690,247,73.64,68.86,77.35,72.59,95.62,92.53,94.44,9.3,8.18,5.55,0.71,Heavy Rain,Good,Good,Consented Aggregate,0.91
PUNE-HLM-0120,A015,Yerawada,North,18.551586,73.878791,2026-07-14,Night,Night,1420,1420,880,540,61.97,46.03,6.46,45.27,45.95,48.01,63.15,11.45,18.53,9.81,0.49,Clear,Poor,Moderate,Consented Aggregate,0.818
PUNE-HLM-0121,A012,Kharadi,East,18.550116,73.934192,2026-08-04,Morning Peak,Morning Peak,1159,1159,829,330,71.53,53.12,15.94,29.55,17.36,91.81,92.45,7.28,9.07,8.2,0.38,Clear,Good,Good,Approved Anonymized,0.89
PUNE-HLM-0122,A030,Pimpri,Outer,18.630178,73.797741,2026-03-20,Evening Peak,Evening Peak,811,811,490,321,60.42,84.26,22.35,27.86,14.3,45.44,90.44,6.76,2.78,8.21,0.59,Cloudy,Poor,Good,Consented Aggregate,0.86
PUNE-HLM-0123,A013,Viman Nagar,East,18.566918,73.915785,2026-02-20,Morning Peak,Morning Peak,1269,1269,1101,168,86.76,54.72,15.75,63.58,79.24,82.86,80.12,10.03,15.66,8.1,0.49,Clear,Good,Good,Approved Anonymized,0.942
PUNE-HLM-0124,A001,Shivajinagar,Central,18.531325,73.846648,2026-03-09,Night,Night,1540,1540,1201,339,77.99,62.32,55.75,48.95,52.64,89.9,89.7,11.73,3.48,6.4,0.9,Light Rain,Good,Good,Consented Aggregate,0.95
PUNE-HLM-0125,A020,Balewadi,West,18.57556,73.766816,2026-04-18,Midday,Midday,929,929,700,229,75.35,59.17,26.62,49.14,52.99,84.13,83.16,12.07,7.47,7.78,0.44,Cloudy,Good,Good,Consented Aggregate,0.902
PUNE-HLM-0126,A028,Wakad,Outer,18.598257,73.764405,2026-02-04,Midday,Midday,1069,1069,718,351,67.17,62.15,48.57,57.4,68.01,76.08,89.04,15.42,3.24,7.08,0.29,Light Rain,Good,Good,Approved Anonymized,0.937
PUNE-HLM-0127,A009,Baner,West,18.559924,73.786849,2026-06-09,Morning Peak,Morning Peak,607,607,481,126,79.24,80.92,21.67,54.93,63.51,96.5,94.11,9.95,12.91,8.89,0.79,Cloudy,Good,Good,Consented Aggregate,0.914
PUNE-HLM-0128,A026,Dhanori,North,18.579621,73.892976,2026-07-24,Morning Peak,Morning Peak,649,649,379,270,58.4,79.48,52.04,53.46,60.83,72.71,96.2,10.06,9.99,5.57,0.52,Light Rain,Fair,Good,Consented Aggregate,0.771
PUNE-HLM-0129,A002,Swargate,Central,18.502331,73.867111,2026-03-24,Evening Peak,Evening Peak,1106,1106,842,264,76.13,55.63,72.78,42.35,40.63,81.47,93.24,5.79,3.96,3.85,0.63,Heavy Rain,Fair,Good,Consented Aggregate,0.856
PUNE-HLM-0130,A020,Balewadi,West,18.576083,73.767507,2026-05-23,Evening Peak,Evening Peak,1091,1091,812,279,74.43,35.92,25.11,46.65,48.45,69.61,78.71,8.84,5.41,8.95,0.73,Cloudy,Fair,Good,Approved Anonymized,0.91
PUNE-HLM-0131,A015,Yerawada,North,18.550653,73.878017,2026-07-06,Midday,Midday,1412,1412,1009,403,71.46,72.75,20.68,62.83,77.88,92.99,48.73,10.24,13.71,8.56,0.65,Clear,Good,Poor,Consented Aggregate,0.99
PUNE-HLM-0132,A027,Lohegaon,Outer,18.600062,73.915436,2026-07-27,Midday,Midday,1145,1145,708,437,61.83,76.4,27.17,47.08,49.23,98.27,75.86,8.83,6.87,8.74,0.39,Cloudy,Good,Good,Approved Anonymized,0.811
PUNE-HLM-0133,A006,Karve Nagar,West,18.48903,73.822223,2026-07-25,Midday,Midday,1428,1428,756,672,52.94,67.7,72.89,35.31,27.84,92.8,92.24,10.06,29.2,4.92,0.13,Fog,Good,Good,Approved Anonymized,0.739
PUNE-HLM-0134,A024,Kasarwadi,North,18.616055,73.820455,2026-06-14,Morning Peak,Morning Peak,1326,1326,912,414,68.78,72.79,19.5,49.88,54.33,68.18,51.55,6.67,38.04,9.4,0.54,Cloudy,Fair,Poor,Approved Anonymized,0.915
PUNE-HLM-0135,A022,Bopodi,North,18.573846,73.834336,2026-06-10,Evening Peak,Evening Peak,1443,1443,1123,320,77.82,84.92,30.06,49.22,53.12,65.43,55.28,13.33,18.61,7.92,0.57,Cloudy,Fair,Poor,Consented Aggregate,0.897
PUNE-HLM-0136,A020,Balewadi,West,18.575357,73.766763,2026-04-03,Morning Peak,Morning Peak,1038,1038,653,385,62.91,76.32,9.22,42.3,40.55,73.82,65.93,9.78,25.43,9.49,0.7,Clear,Fair,Moderate,Approved Anonymized,0.878
PUNE-HLM-0137,A012,Kharadi,East,18.549903,73.937306,2026-04-27,Night,Night,516,516,371,145,71.9,46.6,78.38,41.92,39.85,79.9,67.77,12.01,20.87,4.29,0.79,Heavy Rain,Good,Moderate,Consented Aggregate,0.99
PUNE-HLM-0138,A016,Kondhwa,South,18.466396,73.887916,2026-08-30,Midday,Midday,653,653,330,323,50.54,84.1,8.04,56.46,66.29,91.69,82.0,8.5,10.32,9.2,0.37,Clear,Good,Good,Approved Anonymized,0.874
PUNE-HLM-0139,A028,Wakad,Outer,18.600859,73.763389,2026-06-16,Morning Peak,Morning Peak,457,457,222,235,48.58,84.39,12.46,40.19,36.71,68.03,78.95,9.72,5.71,9.89,0.24,Clear,Fair,Good,Consented Aggregate,0.858
PUNE-HLM-0140,A010,Pashan,West,18.542405,73.792461,2026-04-03,Evening Peak,Evening Peak,921,921,696,225,75.57,55.4,9.05,49.85,54.27,82.37,76.62,10.82,8.3,9.71,0.62,Clear,Good,Good,Approved Anonymized,0.929
PUNE-HLM-0141,A022,Bopodi,North,18.573452,73.832299,2026-05-12,Morning Peak,Morning Peak,462,462,381,81,82.47,43.56,25.65,45.41,46.21,67.49,81.74,11.93,2.1,8.72,0.32,Cloudy,Fair,Good,Approved Anonymized,0.99
PUNE-HLM-0142,A028,Wakad,Outer,18.602736,73.764752,2026-01-21,Evening Peak,Evening Peak,661,661,441,220,66.72,49.38,30.01,46.61,48.39,92.6,94.19,8.12,18.48,7.72,0.41,Cloudy,Good,Good,Consented Aggregate,0.92
PUNE-HLM-0143,A026,Dhanori,North,18.580528,73.892778,2026-09-11,Early Morning,Early Morning,1408,1408,1200,208,85.23,68.54,10.52,54.3,62.35,72.88,89.35,11.91,17.62,9.52,0.34,Clear,Fair,Good,Consented Aggregate,0.913
PUNE-HLM-0144,A019,Dhankawadi,South,18.462394,73.856109,2026-08-23,Evening Peak,Evening Peak,447,447,334,113,74.72,74.54,78.18,47.88,50.68,70.42,55.34,8.78,10.58,2.96,0.79,Fog,Fair,Moderate,Consented Aggregate,0.885
PUNE-HLM-0145,A021,Pimpri Road,Outer,18.611631,73.806033,2026-01-12,Night,Night,1529,1529,1150,379,75.21,26.98,23.46,58.9,70.73,87.38,91.24,8.32,5.32,10.0,0.58,Cloudy,Good,Good,Consented Aggregate,0.893
PUNE-HLM-0146,A018,Bibwewadi,South,18.476633,73.864728,2026-08-10,Morning Peak,Morning Peak,1502,1502,927,575,61.72,78.76,25.34,38.31,33.29,80.91,36.97,8.87,2.27,8.09,0.32,Cloudy,Good,Poor,Approved Anonymized,0.846
PUNE-HLM-0147,A027,Lohegaon,Outer,18.600162,73.915475,2026-07-11,Night,Night,959,959,846,113,88.22,87.73,26.58,68.91,88.93,89.93,87.14,6.23,54.01,6.9,0.77,Cloudy,Good,Good,Consented Aggregate,0.938
PUNE-HLM-0148,A006,Karve Nagar,West,18.490675,73.823904,2026-03-03,Early Morning,Early Morning,1241,1241,1079,162,86.95,46.35,78.04,44.34,44.26,70.19,87.21,11.02,24.0,5.31,0.56,Heavy Rain,Fair,Good,Approved Anonymized,0.961
PUNE-HLM-0149,A003,Camp,Central,18.512729,73.87884,2026-01-28,Midday,Midday,1106,1106,740,366,66.91,67.12,29.3,33.88,25.24,93.06,43.72,6.49,5.9,7.1,0.67,Cloudy,Good,Poor,Approved Anonymized,0.858
PUNE-HLM-0150,A028,Wakad,Outer,18.598814,73.76425,2026-05-25,Evening Peak,Evening Peak,779,779,564,215,72.4,61.74,14.19,44.44,44.44,73.49,84.52,8.02,11.32,8.3,0.53,Clear,Fair,Good,Consented Aggregate,0.87
